[
  {
    "run_id": 1,
    "parameter_label": "light_balanced",
    "seed": 43,
    "config_summary": {
      "arrival_rate": 1.0,
      "nav_ratio": 0.2,
      "slam_ratio": 0.1,
      "edge_affinity_ratio": 0.5,
      "edge_rtt_ms": 20.0,
      "cloud_rtt_ms": 100.0,
      "local_ops_per_sec": 1000000.0,
      "edge_ops_per_sec": 5000000.0,
      "cloud_ops_per_sec": 10000000.0
    },
    "metrics": {
      "total_tasks": 200,
      "simulation_duration_s": 741.5297317732916,
      "latency_mean_ms": 3559.684869382923,
      "latency_median_ms": 1966.9856917383463,
      "latency_p50_ms": 1966.9856917383463,
      "latency_p95_ms": 9626.83708948843,
      "latency_p99_ms": 18822.148878386834,
      "latency_min_ms": 70.88246010556531,
      "latency_max_ms": 29592.757896707328,
      "total_energy_wh": 0.44435915525391556,
      "energy_per_task_mean_wh": 0.0022217957762695776,
      "energy_per_task_median_wh": 0.0008903486382685868,
      "energy_min_wh": 6.845404444444445e-06,
      "energy_max_wh": 0.02055052631715787,
      "local_count": 133,
      "edge_count": 67,
      "cloud_count": 0,
      "local_ratio": 0.665,
      "edge_ratio": 0.335,
      "cloud_ratio": 0.0,
      "nav_count": 46,
      "slam_count": 23,
      "generic_count": 131,
      "nav_ratio": 0.23,
      "slam_ratio": 0.115,
      "generic_ratio": 0.655,
      "tasks_with_deadlines": 200,
      "deadlines_missed": 156,
      "deadline_miss_rate": 0.78,
      "initial_soc": 80.0,
      "final_soc": 77.59805862024912,
      "soc_drop": 2.4019413797508804,
      "min_soc": 77.59805862024912,
      "remote_tasks": 67,
      "avg_upload_time_ms": 101.33762507462684,
      "avg_download_time_ms": 20.8182376119403,
      "avg_queue_wait_ms": 7.0548873542412e-12
    },
    "validation": {
      "nav_slam_always_local": "True",
      "soc_curve_monotonic": "True",
      "generic_rules_consistent": true,
      "all_rules_valid": true
    },
    "results_dir": "results/sweep_20250916_013626/run_01_light_balanced"
  },
  {
    "run_id": 2,
    "parameter_label": "light_edge_heavy",
    "seed": 44,
    "config_summary": {
      "arrival_rate": 1.0,
      "nav_ratio": 0.2,
      "slam_ratio": 0.1,
      "edge_affinity_ratio": 0.8,
      "edge_rtt_ms": 20.0,
      "cloud_rtt_ms": 100.0,
      "local_ops_per_sec": 1000000.0,
      "edge_ops_per_sec": 5000000.0,
      "cloud_ops_per_sec": 10000000.0
    },
    "metrics": {
      "total_tasks": 200,
      "simulation_duration_s": 650.273935206116,
      "latency_mean_ms": 3070.8949423931736,
      "latency_median_ms": 1636.0302911900822,
      "latency_p50_ms": 1636.0302911900822,
      "latency_p95_ms": 11296.137684782943,
      "latency_p99_ms": 17461.8609348837,
      "latency_min_ms": 36.44490371362963,
      "latency_max_ms": 53293.298955081125,
      "total_energy_wh": 0.3505015616407532,
      "energy_per_task_mean_wh": 0.001752507808203766,
      "energy_per_task_median_wh": 7.356900444444446e-05,
      "energy_min_wh": 6.771804444444445e-06,
      "energy_max_wh": 0.03700923538547301,
      "local_count": 99,
      "edge_count": 101,
      "cloud_count": 0,
      "local_ratio": 0.495,
      "edge_ratio": 0.505,
      "cloud_ratio": 0.0,
      "nav_count": 49,
      "slam_count": 20,
      "generic_count": 131,
      "nav_ratio": 0.245,
      "slam_ratio": 0.1,
      "generic_ratio": 0.655,
      "tasks_with_deadlines": 200,
      "deadlines_missed": 136,
      "deadline_miss_rate": 0.68,
      "initial_soc": 80.0,
      "final_soc": 78.10539696410402,
      "soc_drop": 1.8946030358959831,
      "min_soc": 78.10539696410402,
      "remote_tasks": 101,
      "avg_upload_time_ms": 104.87284594059406,
      "avg_download_time_ms": 20.852284356435643,
      "avg_queue_wait_ms": 4.586428527943096e-12
    },
    "validation": {
      "nav_slam_always_local": "True",
      "soc_curve_monotonic": "True",
      "generic_rules_consistent": true,
      "all_rules_valid": true
    },
    "results_dir": "results/sweep_20250916_013626/run_02_light_edge_heavy"
  },
  {
    "run_id": 3,
    "parameter_label": "light_local_heavy",
    "seed": 45,
    "config_summary": {
      "arrival_rate": 1.0,
      "nav_ratio": 0.2,
      "slam_ratio": 0.1,
      "edge_affinity_ratio": 0.2,
      "edge_rtt_ms": 20.0,
      "cloud_rtt_ms": 100.0,
      "local_ops_per_sec": 1000000.0,
      "edge_ops_per_sec": 5000000.0,
      "cloud_ops_per_sec": 10000000.0
    },
    "metrics": {
      "total_tasks": 200,
      "simulation_duration_s": 877.8554921797452,
      "latency_mean_ms": 4345.551737034116,
      "latency_median_ms": 2692.9918174389513,
      "latency_p50_ms": 2692.9918174389513,
      "latency_p95_ms": 14118.736445000217,
      "latency_p99_ms": 17567.09461327081,
      "latency_min_ms": 88.07973868283625,
      "latency_max_ms": 23843.960028776706,
      "total_energy_wh": 0.5878466193194993,
      "energy_per_task_mean_wh": 0.002939233096597497,
      "energy_per_task_median_wh": 0.0018451708603478712,
      "energy_min_wh": 9.186346666666668e-06,
      "energy_max_wh": 0.01655830557553938,
      "local_count": 179,
      "edge_count": 21,
      "cloud_count": 0,
      "local_ratio": 0.895,
      "edge_ratio": 0.105,
      "cloud_ratio": 0.0,
      "nav_count": 42,
      "slam_count": 23,
      "generic_count": 135,
      "nav_ratio": 0.21,
      "slam_ratio": 0.115,
      "generic_ratio": 0.675,
      "tasks_with_deadlines": 200,
      "deadlines_missed": 155,
      "deadline_miss_rate": 0.775,
      "initial_soc": 80.0,
      "final_soc": 76.82245070638109,
      "soc_drop": 3.1775492936189096,
      "min_soc": 76.82245070638109,
      "remote_tasks": 21,
      "avg_upload_time_ms": 125.85053714285715,
      "avg_download_time_ms": 21.058464761904762,
      "avg_queue_wait_ms": 1.1089674152520686e-11
    },
    "validation": {
      "nav_slam_always_local": "True",
      "soc_curve_monotonic": "True",
      "generic_rules_consistent": true,
      "all_rules_valid": true
    },
    "results_dir": "results/sweep_20250916_013626/run_03_light_local_heavy"
  },
  {
    "run_id": 4,
    "parameter_label": "medium_balanced",
    "seed": 46,
    "config_summary": {
      "arrival_rate": 2.0,
      "nav_ratio": 0.2,
      "slam_ratio": 0.1,
      "edge_affinity_ratio": 0.5,
      "edge_rtt_ms": 20.0,
      "cloud_rtt_ms": 100.0,
      "local_ops_per_sec": 1000000.0,
      "edge_ops_per_sec": 5000000.0,
      "cloud_ops_per_sec": 10000000.0
    },
    "metrics": {
      "total_tasks": 200,
      "simulation_duration_s": 790.3420724479499,
      "latency_mean_ms": 3917.6388816426356,
      "latency_median_ms": 2130.246070322144,
      "latency_p50_ms": 2130.246070322144,
      "latency_p95_ms": 15257.045945904567,
      "latency_p99_ms": 19537.53217240276,
      "latency_min_ms": 15.913220041454679,
      "latency_max_ms": 21835.889295186575,
      "total_energy_wh": 0.4978184559302166,
      "energy_per_task_mean_wh": 0.002489092279651083,
      "energy_per_task_median_wh": 0.001085557793653181,
      "energy_min_wh": 6.793493333333333e-06,
      "energy_max_wh": 0.015163812010546234,
      "local_count": 137,
      "edge_count": 63,
      "cloud_count": 0,
      "local_ratio": 0.685,
      "edge_ratio": 0.315,
      "cloud_ratio": 0.0,
      "nav_count": 38,
      "slam_count": 21,
      "generic_count": 141,
      "nav_ratio": 0.19,
      "slam_ratio": 0.105,
      "generic_ratio": 0.705,
      "tasks_with_deadlines": 200,
      "deadlines_missed": 148,
      "deadline_miss_rate": 0.74,
      "initial_soc": 80.0,
      "final_soc": 77.30908942740425,
      "soc_drop": 2.6909105725957545,
      "min_soc": 77.30908942740425,
      "remote_tasks": 63,
      "avg_upload_time_ms": 92.67932444444445,
      "avg_download_time_ms": 20.730678095238098,
      "avg_queue_wait_ms": 4.8000624639076335e-12
    },
    "validation": {
      "nav_slam_always_local": "True",
      "soc_curve_monotonic": "True",
      "generic_rules_consistent": true,
      "all_rules_valid": true
    },
    "results_dir": "results/sweep_20250916_013626/run_04_medium_balanced"
  },
  {
    "run_id": 5,
    "parameter_label": "medium_edge_heavy",
    "seed": 47,
    "config_summary": {
      "arrival_rate": 2.0,
      "nav_ratio": 0.2,
      "slam_ratio": 0.1,
      "edge_affinity_ratio": 0.8,
      "edge_rtt_ms": 20.0,
      "cloud_rtt_ms": 100.0,
      "local_ops_per_sec": 1000000.0,
      "edge_ops_per_sec": 5000000.0,
      "cloud_ops_per_sec": 10000000.0
    },
    "metrics": {
      "total_tasks": 200,
      "simulation_duration_s": 561.4988598240706,
      "latency_mean_ms": 2794.868370903654,
      "latency_median_ms": 1465.2163013283252,
      "latency_p50_ms": 1465.2163013283252,
      "latency_p95_ms": 9697.827042579318,
      "latency_p99_ms": 17945.112373156473,
      "latency_min_ms": 22.371003030400516,
      "latency_max_ms": 20509.159121274082,
      "total_energy_wh": 0.30957442635377025,
      "energy_per_task_mean_wh": 0.0015478721317688513,
      "energy_per_task_median_wh": 5.107864888888889e-05,
      "energy_min_wh": 7.141102222222222e-06,
      "energy_max_wh": 0.014242471611995886,
      "local_count": 93,
      "edge_count": 107,
      "cloud_count": 0,
      "local_ratio": 0.465,
      "edge_ratio": 0.535,
      "cloud_ratio": 0.0,
      "nav_count": 38,
      "slam_count": 26,
      "generic_count": 136,
      "nav_ratio": 0.19,
      "slam_ratio": 0.13,
      "generic_ratio": 0.68,
      "tasks_with_deadlines": 200,
      "deadlines_missed": 134,
      "deadline_miss_rate": 0.67,
      "initial_soc": 80.0,
      "final_soc": 78.32662472241208,
      "soc_drop": 1.6733752775879225,
      "min_soc": 78.32662472241208,
      "remote_tasks": 107,
      "avg_upload_time_ms": 100.89269158878507,
      "avg_download_time_ms": 20.811854205607478,
      "avg_queue_wait_ms": 4.51355593606444e-12
    },
    "validation": {
      "nav_slam_always_local": "True",
      "soc_curve_monotonic": "True",
      "generic_rules_consistent": true,
      "all_rules_valid": true
    },
    "results_dir": "results/sweep_20250916_013626/run_05_medium_edge_heavy"
  },
  {
    "run_id": 6,
    "parameter_label": "medium_local_heavy",
    "seed": 48,
    "config_summary": {
      "arrival_rate": 2.0,
      "nav_ratio": 0.2,
      "slam_ratio": 0.1,
      "edge_affinity_ratio": 0.2,
      "edge_rtt_ms": 20.0,
      "cloud_rtt_ms": 100.0,
      "local_ops_per_sec": 1000000.0,
      "edge_ops_per_sec": 5000000.0,
      "cloud_ops_per_sec": 10000000.0
    },
    "metrics": {
      "total_tasks": 200,
      "simulation_duration_s": 920.1916686834641,
      "latency_mean_ms": 4550.208765588315,
      "latency_median_ms": 2891.9289822440105,
      "latency_p50_ms": 2891.9289822440105,
      "latency_p95_ms": 12148.591027292852,
      "latency_p99_ms": 25472.780965306072,
      "latency_min_ms": 3.7698425178191997,
      "latency_max_ms": 29759.379466700808,
      "total_energy_wh": 0.6154004036558223,
      "energy_per_task_mean_wh": 0.0030770020182791114,
      "energy_per_task_median_wh": 0.0020082840154472276,
      "energy_min_wh": 2.6179461929292284e-06,
      "energy_max_wh": 0.020666235740764462,
      "local_count": 171,
      "edge_count": 29,
      "cloud_count": 0,
      "local_ratio": 0.855,
      "edge_ratio": 0.145,
      "cloud_ratio": 0.0,
      "nav_count": 44,
      "slam_count": 17,
      "generic_count": 139,
      "nav_ratio": 0.22,
      "slam_ratio": 0.085,
      "generic_ratio": 0.695,
      "tasks_with_deadlines": 200,
      "deadlines_missed": 156,
      "deadline_miss_rate": 0.78,
      "initial_soc": 80.0,
      "final_soc": 76.67351133159018,
      "soc_drop": 3.326488668409823,
      "min_soc": 76.67351133159018,
      "remote_tasks": 29,
      "avg_upload_time_ms": 104.83941793103449,
      "avg_download_time_ms": 20.851633103448272,
      "avg_queue_wait_ms": 8.624327305945936e-12
    },
    "validation": {
      "nav_slam_always_local": "True",
      "soc_curve_monotonic": "True",
      "generic_rules_consistent": true,
      "all_rules_valid": true
    },
    "results_dir": "results/sweep_20250916_013626/run_06_medium_local_heavy"
  },
  {
    "run_id": 7,
    "parameter_label": "heavy_balanced",
    "seed": 49,
    "config_summary": {
      "arrival_rate": 4.0,
      "nav_ratio": 0.2,
      "slam_ratio": 0.1,
      "edge_affinity_ratio": 0.5,
      "edge_rtt_ms": 20.0,
      "cloud_rtt_ms": 100.0,
      "local_ops_per_sec": 1000000.0,
      "edge_ops_per_sec": 5000000.0,
      "cloud_ops_per_sec": 10000000.0
    },
    "metrics": {
      "total_tasks": 200,
      "simulation_duration_s": 658.2420503556638,
      "latency_mean_ms": 3231.143767639231,
      "latency_median_ms": 1709.0640141433896,
      "latency_p50_ms": 1709.0640141433896,
      "latency_p95_ms": 12591.682834041456,
      "latency_p99_ms": 17749.596252756026,
      "latency_min_ms": 23.59429141159808,
      "latency_max_ms": 20296.01212335261,
      "total_energy_wh": 0.3998529482527732,
      "energy_per_task_mean_wh": 0.001999264741263866,
      "energy_per_task_median_wh": 0.000652646684430014,
      "energy_min_wh": 6.916977777777778e-06,
      "energy_max_wh": 0.014094452863439315,
      "local_count": 127,
      "edge_count": 73,
      "cloud_count": 0,
      "local_ratio": 0.635,
      "edge_ratio": 0.365,
      "cloud_ratio": 0.0,
      "nav_count": 37,
      "slam_count": 19,
      "generic_count": 144,
      "nav_ratio": 0.185,
      "slam_ratio": 0.095,
      "generic_ratio": 0.72,
      "tasks_with_deadlines": 200,
      "deadlines_missed": 147,
      "deadline_miss_rate": 0.735,
      "initial_soc": 80.0,
      "final_soc": 77.83863271214715,
      "soc_drop": 2.1613672878528547,
      "min_soc": 77.83863271214715,
      "remote_tasks": 73,
      "avg_upload_time_ms": 89.88799780821917,
      "avg_download_time_ms": 20.70382246575343,
      "avg_queue_wait_ms": 6.7881393048442574e-12
    },
    "validation": {
      "nav_slam_always_local": "True",
      "soc_curve_monotonic": "True",
      "generic_rules_consistent": true,
      "all_rules_valid": true
    },
    "results_dir": "results/sweep_20250916_013626/run_07_heavy_balanced"
  },
  {
    "run_id": 8,
    "parameter_label": "heavy_edge_heavy",
    "seed": 50,
    "config_summary": {
      "arrival_rate": 4.0,
      "nav_ratio": 0.2,
      "slam_ratio": 0.1,
      "edge_affinity_ratio": 0.8,
      "edge_rtt_ms": 20.0,
      "cloud_rtt_ms": 100.0,
      "local_ops_per_sec": 1000000.0,
      "edge_ops_per_sec": 5000000.0,
      "cloud_ops_per_sec": 10000000.0
    },
    "metrics": {
      "total_tasks": 200,
      "simulation_duration_s": 568.8283966650723,
      "latency_mean_ms": 2750.6248114594828,
      "latency_median_ms": 1261.55799143951,
      "latency_p50_ms": 1261.55799143951,
      "latency_p95_ms": 9143.595598777507,
      "latency_p99_ms": 22613.400673401615,
      "latency_min_ms": 7.979145093045759,
      "latency_max_ms": 24649.67200151938,
      "total_energy_wh": 0.2811685504848155,
      "energy_per_task_mean_wh": 0.0014058427524240775,
      "energy_per_task_median_wh": 3.780527111111111e-05,
      "energy_min_wh": 5.5410729812817235e-06,
      "energy_max_wh": 0.017117827778832893,
      "local_count": 80,
      "edge_count": 120,
      "cloud_count": 0,
      "local_ratio": 0.4,
      "edge_ratio": 0.6,
      "cloud_ratio": 0.0,
      "nav_count": 30,
      "slam_count": 25,
      "generic_count": 145,
      "nav_ratio": 0.15,
      "slam_ratio": 0.125,
      "generic_ratio": 0.725,
      "tasks_with_deadlines": 200,
      "deadlines_missed": 142,
      "deadline_miss_rate": 0.71,
      "initial_soc": 80.0,
      "final_soc": 78.48016999737936,
      "soc_drop": 1.5198300026206368,
      "min_soc": 78.48016999737936,
      "remote_tasks": 120,
      "avg_upload_time_ms": 100.27154933333334,
      "avg_download_time_ms": 20.80557333333333,
      "avg_queue_wait_ms": 4.621881581160873e-12
    },
    "validation": {
      "nav_slam_always_local": "True",
      "soc_curve_monotonic": "True",
      "generic_rules_consistent": true,
      "all_rules_valid": true
    },
    "results_dir": "results/sweep_20250916_013626/run_08_heavy_edge_heavy"
  },
  {
    "run_id": 9,
    "parameter_label": "very_heavy_balanced",
    "seed": 51,
    "config_summary": {
      "arrival_rate": 6.0,
      "nav_ratio": 0.2,
      "slam_ratio": 0.1,
      "edge_affinity_ratio": 0.5,
      "edge_rtt_ms": 20.0,
      "cloud_rtt_ms": 100.0,
      "local_ops_per_sec": 1000000.0,
      "edge_ops_per_sec": 5000000.0,
      "cloud_ops_per_sec": 10000000.0
    },
    "metrics": {
      "total_tasks": 200,
      "simulation_duration_s": 673.620987529385,
      "latency_mean_ms": 3344.924927433743,
      "latency_median_ms": 2190.8327408651935,
      "latency_p50_ms": 2190.8327408651935,
      "latency_p95_ms": 11980.934486235665,
      "latency_p99_ms": 15387.155967074606,
      "latency_min_ms": 27.377466345171797,
      "latency_max_ms": 21759.421185798674,
      "total_energy_wh": 0.41995761913499996,
      "energy_per_task_mean_wh": 0.0020997880956749996,
      "energy_per_task_median_wh": 0.0009100550030347516,
      "energy_min_wh": 6.698453333333334e-06,
      "energy_max_wh": 0.015110709156804635,
      "local_count": 136,
      "edge_count": 64,
      "cloud_count": 0,
      "local_ratio": 0.68,
      "edge_ratio": 0.32,
      "cloud_ratio": 0.0,
      "nav_count": 47,
      "slam_count": 23,
      "generic_count": 130,
      "nav_ratio": 0.235,
      "slam_ratio": 0.115,
      "generic_ratio": 0.65,
      "tasks_with_deadlines": 200,
      "deadlines_missed": 138,
      "deadline_miss_rate": 0.69,
      "initial_soc": 80.0,
      "final_soc": 77.72995881548648,
      "soc_drop": 2.2700411845135164,
      "min_soc": 77.72995881548648,
      "remote_tasks": 64,
      "avg_upload_time_ms": 107.74843375,
      "avg_download_time_ms": 20.88278875,
      "avg_queue_wait_ms": 1.0468243025890667e-11
    },
    "validation": {
      "nav_slam_always_local": "True",
      "soc_curve_monotonic": "True",
      "generic_rules_consistent": true,
      "all_rules_valid": true
    },
    "results_dir": "results/sweep_20250916_013626/run_09_very_heavy_balanced"
  },
  {
    "run_id": 10,
    "parameter_label": "slam_intensive",
    "seed": 52,
    "config_summary": {
      "arrival_rate": 2.0,
      "nav_ratio": 0.1,
      "slam_ratio": 0.3,
      "edge_affinity_ratio": 0.5,
      "edge_rtt_ms": 20.0,
      "cloud_rtt_ms": 100.0,
      "local_ops_per_sec": 1000000.0,
      "edge_ops_per_sec": 5000000.0,
      "cloud_ops_per_sec": 10000000.0
    },
    "metrics": {
      "total_tasks": 200,
      "simulation_duration_s": 832.8950357992642,
      "latency_mean_ms": 4118.821161566779,
      "latency_median_ms": 2507.464207040755,
      "latency_p50_ms": 2507.464207040755,
      "latency_p95_ms": 13419.230557520763,
      "latency_p99_ms": 21617.5759161439,
      "latency_min_ms": 1.6588784345117347,
      "latency_max_ms": 42339.359270051435,
      "total_energy_wh": 0.5310790467066941,
      "energy_per_task_mean_wh": 0.002655395233533471,
      "energy_per_task_median_wh": 0.0013925053901185716,
      "energy_min_wh": 1.151998912867563e-06,
      "energy_max_wh": 0.02940233282642459,
      "local_count": 144,
      "edge_count": 56,
      "cloud_count": 0,
      "local_ratio": 0.72,
      "edge_ratio": 0.28,
      "cloud_ratio": 0.0,
      "nav_count": 16,
      "slam_count": 62,
      "generic_count": 122,
      "nav_ratio": 0.08,
      "slam_ratio": 0.31,
      "generic_ratio": 0.61,
      "tasks_with_deadlines": 200,
      "deadlines_missed": 154,
      "deadline_miss_rate": 0.77,
      "initial_soc": 80.0,
      "final_soc": 77.12930245023402,
      "soc_drop": 2.8706975497659784,
      "min_soc": 77.12930245023402,
      "remote_tasks": 56,
      "avg_upload_time_ms": 113.1501442857143,
      "avg_download_time_ms": 20.937794285714286,
      "avg_queue_wait_ms": 6.025438084985727e-12
    },
    "validation": {
      "nav_slam_always_local": "True",
      "soc_curve_monotonic": "True",
      "generic_rules_consistent": true,
      "all_rules_valid": true
    },
    "results_dir": "results/sweep_20250916_013626/run_10_slam_intensive"
  },
  {
    "run_id": 11,
    "parameter_label": "nav_intensive",
    "seed": 53,
    "config_summary": {
      "arrival_rate": 2.0,
      "nav_ratio": 0.4,
      "slam_ratio": 0.1,
      "edge_affinity_ratio": 0.5,
      "edge_rtt_ms": 20.0,
      "cloud_rtt_ms": 100.0,
      "local_ops_per_sec": 1000000.0,
      "edge_ops_per_sec": 5000000.0,
      "cloud_ops_per_sec": 10000000.0
    },
    "metrics": {
      "total_tasks": 200,
      "simulation_duration_s": 876.8113503622973,
      "latency_mean_ms": 4306.872450514308,
      "latency_median_ms": 2562.24477211026,
      "latency_p50_ms": 2562.24477211026,
      "latency_p95_ms": 14115.782023664837,
      "latency_p99_ms": 21224.91792489666,
      "latency_min_ms": 49.66906558206574,
      "latency_max_ms": 22904.78251826761,
      "total_energy_wh": 0.5601198443371964,
      "energy_per_task_mean_wh": 0.002800599221685982,
      "energy_per_task_median_wh": 0.0016090864402371207,
      "energy_min_wh": 7.477493333333333e-06,
      "energy_max_wh": 0.01590609897101919,
      "local_count": 152,
      "edge_count": 48,
      "cloud_count": 0,
      "local_ratio": 0.76,
      "edge_ratio": 0.24,
      "cloud_ratio": 0.0,
      "nav_count": 79,
      "slam_count": 19,
      "generic_count": 102,
      "nav_ratio": 0.395,
      "slam_ratio": 0.095,
      "generic_ratio": 0.51,
      "tasks_with_deadlines": 200,
      "deadlines_missed": 157,
      "deadline_miss_rate": 0.785,
      "initial_soc": 80.0,
      "final_soc": 76.97232516574488,
      "soc_drop": 3.027674834255123,
      "min_soc": 76.97232516574488,
      "remote_tasks": 48,
      "avg_upload_time_ms": 102.14955000000002,
      "avg_download_time_ms": 20.825521666666667,
      "avg_queue_wait_ms": 8.303253917762987e-12
    },
    "validation": {
      "nav_slam_always_local": "True",
      "soc_curve_monotonic": "True",
      "generic_rules_consistent": true,
      "all_rules_valid": true
    },
    "results_dir": "results/sweep_20250916_013626/run_11_nav_intensive"
  },
  {
    "run_id": 12,
    "parameter_label": "generic_only",
    "seed": 54,
    "config_summary": {
      "arrival_rate": 2.0,
      "nav_ratio": 0.0,
      "slam_ratio": 0.0,
      "edge_affinity_ratio": 0.5,
      "edge_rtt_ms": 20.0,
      "cloud_rtt_ms": 100.0,
      "local_ops_per_sec": 1000000.0,
      "edge_ops_per_sec": 5000000.0,
      "cloud_ops_per_sec": 10000000.0
    },
    "metrics": {
      "total_tasks": 200,
      "simulation_duration_s": 693.2273936225911,
      "latency_mean_ms": 3443.6256100970613,
      "latency_median_ms": 1378.6248667927075,
      "latency_p50_ms": 1378.6248667927075,
      "latency_p95_ms": 13589.514739974651,
      "latency_p99_ms": 20303.29284455611,
      "latency_min_ms": 81.89070646608343,
      "latency_max_ms": 39727.578116041004,
      "total_energy_wh": 0.41638201569432526,
      "energy_per_task_mean_wh": 0.002081910078471626,
      "energy_per_task_median_wh": 0.00021922144346433304,
      "energy_min_wh": 6.7737777777777774e-06,
      "energy_max_wh": 0.027588595913917366,
      "local_count": 105,
      "edge_count": 95,
      "cloud_count": 0,
      "local_ratio": 0.525,
      "edge_ratio": 0.475,
      "cloud_ratio": 0.0,
      "nav_count": 0,
      "slam_count": 0,
      "generic_count": 200,
      "nav_ratio": 0.0,
      "slam_ratio": 0.0,
      "generic_ratio": 1.0,
      "tasks_with_deadlines": 200,
      "deadlines_missed": 134,
      "deadline_miss_rate": 0.67,
      "initial_soc": 80.0,
      "final_soc": 77.74928640165231,
      "soc_drop": 2.250713598347687,
      "min_soc": 77.74928640165231,
      "remote_tasks": 95,
      "avg_upload_time_ms": 115.61463326315788,
      "avg_download_time_ms": 20.962192842105267,
      "avg_queue_wait_ms": 7.026196145366651e-12
    },
    "validation": {
      "nav_slam_always_local": true,
      "soc_curve_monotonic": "True",
      "generic_rules_consistent": true,
      "all_rules_valid": true
    },
    "results_dir": "results/sweep_20250916_013626/run_12_generic_only"
  }
]